Designator,Mid X,Mid Y,Layer,Rotation
C1,149.034500mm,-94.678500mm,top,270.000000
C2,153.225500mm,-94.678500mm,top,270.000000
C3,151.130000mm,-94.678500mm,top,270.000000
C4,148.780500mm,-85.725000mm,top,0.000000
C5,140.716000mm,-89.662000mm,top,90.000000
C6,140.716000mm,-93.345000mm,top,270.000000
C7,139.700000mm,-86.487000mm,top,0.000000
C8,129.540000mm,-93.091000mm,top,270.000000
C9,126.492000mm,-96.139000mm,top,270.000000
C10,133.223000mm,-85.725000mm,top,270.000000
C11,126.492000mm,-89.027000mm,top,90.000000
C12,126.492000mm,-92.583000mm,top,90.000000
C13,126.492000mm,-85.471000mm,top,270.000000
C14,144.145000mm,-84.836000mm,top,0.000000
C15,124.714000mm,-74.168000mm,top,0.000000
C16,124.714000mm,-77.089000mm,top,0.000000
C17,120.015000mm,-80.899000mm,top,0.000000
C18,139.700000mm,-82.169000mm,top,180.000000
C19,129.413000mm,-72.390000mm,top,0.000000
C20,139.700000mm,-84.201000mm,top,180.000000
C21,127.254000mm,-82.423000mm,top,180.000000
C22,123.698000mm,-82.423000mm,top,0.000000
D1,129.540000mm,-89.027000mm,top,270.000000
D2,151.130000mm,-81.280000mm,top,0.000000
FB1,126.111000mm,-80.391000mm,top,0.000000
L1,144.589500mm,-90.614500mm,top,0.000000
Q1,156.210000mm,-68.580000mm,top,90.000000
Q2,142.494000mm,-68.580000mm,top,90.000000
Q3,135.636000mm,-68.580000mm,top,90.000000
Q4,149.352000mm,-68.580000mm,top,90.000000
R1,152.654000mm,-85.725000mm,top,0.000000
R2,144.145000mm,-86.868000mm,top,180.000000
R3,145.209500mm,-94.043500mm,top,0.000000
R4,130.810000mm,-85.090000mm,top,270.000000
R5,128.778000mm,-97.917000mm,top,270.000000
R6,131.318000mm,-97.917000mm,top,270.000000
R7,133.858000mm,-97.917000mm,top,270.000000
R8,136.398000mm,-97.917000mm,top,270.000000
R9,138.938000mm,-97.917000mm,top,270.000000
R10,141.478000mm,-97.917000mm,top,270.000000
R11,144.018000mm,-97.917000mm,top,270.000000
R12,146.558000mm,-97.917000mm,top,270.000000
R13,122.428000mm,-96.139000mm,top,270.000000
R14,122.428000mm,-99.695000mm,top,270.000000
R15,122.428000mm,-89.027000mm,top,90.000000
R16,122.428000mm,-92.583000mm,top,90.000000
R17,122.428000mm,-85.471000mm,top,270.000000
R18,124.460000mm,-96.139000mm,top,90.000000
R19,124.460000mm,-99.695000mm,top,90.000000
R20,124.460000mm,-89.027000mm,top,270.000000
R21,124.460000mm,-92.583000mm,top,270.000000
R22,124.460000mm,-85.471000mm,top,90.000000
R23,150.114000mm,-77.216000mm,top,90.000000
R24,125.730000mm,-68.580000mm,top,270.000000
R25,125.730000mm,-65.024000mm,top,270.000000
R26,150.114000mm,-73.675000mm,top,270.000000
R27,155.575000mm,-77.216000mm,top,90.000000
R28,151.765000mm,-68.580000mm,top,270.000000
R29,140.081000mm,-68.580000mm,top,270.000000
R30,153.797000mm,-68.580000mm,top,90.000000
R31,138.049000mm,-68.580000mm,top,90.000000
R32,133.223000mm,-64.975500mm,top,270.000000
R33,146.939000mm,-68.580000mm,top,270.000000
R34,135.382000mm,-65.024000mm,top,270.000000
R35,144.907000mm,-68.580000mm,top,90.000000
U1,149.606000mm,-90.614500mm,top,0.000000
U2,135.128000mm,-91.313000mm,top,90.000000
U3,145.288000mm,-80.899000mm,top,0.000000
U4,134.620000mm,-77.216000mm,top,0.000000
Y1,121.031000mm,-75.565000mm,top,270.000000
