Comment,Designator,Footprint,LCSC Part #
10uF,"C1,C2,C8",C_0805_2012Metric,C15850
100nF,"C3,C4,C7,C14,C17,C18,C19",C_0805_2012Metric,C49678
22uF,"C5,C6",C_0805_2012Metric,C45783
10nF,"C9,C10,C11,C12,C13,C21",C_0805_2012Metric,C1710
27pF,"C15,C16",C_0805_2012Metric,C1808
4.7uF,C20,C_0805_2012Metric,C1779
1uF,C22,C_0805_2012Metric,C28323
LED_Small,D1,LED_0805_2012Metric,C2900154
NUP2105LT1G,D2,SOT-23-3,C2890118
Ferrite_Bead_Small,FB1,R_0805_2012Metric,C85840
5.6uH,L1,Wuerth_LHMI,C467062
DMN2004WK,"Q1,Q2,Q3,Q4",SOT-323_SC-70,C151011
30R,R1,R_0805_2012Metric,C325808
52.3K,R2,R_0805_2012Metric,C17740
10K,"R3,R5,R6,R7,R8,R9,R10,R11,R12,R18,R19,R20,R21,R22,R24,R25,R26,R28,R29,R30,R31,R32,R33,R34,R35",R_0805_2012Metric,C17414
120R,R4,R_0805_2012Metric,C17437
4.7K,"R13,R14,R15,R16,R17",R_0805_2012Metric,C17673
1K,R23,R_0805_2012Metric,C17513
120R 2W,R27,R_2512_6332Metric,C19865
TPS56339DDCR,U1,SOT-23-6,C2071106
LD1117S33CTR,U2,SOT-223,C35879
MCP2562,U3,SOIC-8_3.9x4.9mm_P1.27mm,C191417
STM32F303K8T6,U4,LQFP-32_7x7mm_P0.8mm,C118318
8mHz,Y1,Crystal_SMD_5032-2Pin_5.0x3.2mm,C144380
